"","Estimate","Std. Error","Adjusted SE","Lower CI","Upper CI"
"(Intercept)",-5.10747022510457,0.208245562650565,0.208491912207819,-5.51610686409978,-4.69883358610935
"DBH2",0.211721364593823,0.0715394417001584,0.0716241680011587,0.0713405748889057,0.35210215429874
"Dead_dist",-0.235901258541759,0.0875427706840692,0.0876461503774043,-0.407684556665053,-0.0641179604184651
"GR",-0.595422251632396,0.0772160389901546,0.0772967860456759,-0.746921168402619,-0.443923334862173
