"Species","Mean_seedling_density","SE"
"Beech",115.217391304348,32.1481160452584
"Oak",115.217391304348,30.9225917294955
"Holly",3260.86956521739,455.280115090487
